date,open,high,low,close,volume
2023-02-09,2336,2353,2280,2306,613921
2023-02-10,2233,2233,2029,2055,6691222
2023-02-13,2055,2089,1982,2038,1796958
2023-02-14,2067,2093,2033,2055,1430560
2023-02-15,2067,2067,2012,2038,676746
2023-02-16,2055,2085,2038,2085,814879
2023-02-17,2076,2157,2055,2157,1227083
2023-02-20,2174,2226,2050,2148,1252540
2023-02-21,2161,2200,2132,2161,898819
2023-02-22,2132,2157,2097,2110,646886
2023-02-23,2114,2140,2080,2089,526869
2023-02-24,2089,2110,2059,2089,663692
2023-02-27,2089,2110,2042,2071,329611
2023-02-28,2071,2097,2063,2093,336816
2023-03-02,2127,2268,2106,2247,2716476
2023-03-03,2247,2255,2200,2242,642220
2023-03-06,2233,2242,2200,2200,675039
2023-03-07,2174,2229,2165,2217,490423
2023-03-08,2217,2217,2148,2204,676771
2023-03-09,2179,2212,2144,2182,429473
2023-03-10,2135,2191,2110,2191,397960
2023-03-13,2132,2191,2110,2182,1076278
2023-03-14,2182,2212,2016,2080,1630709
2023-03-15,2132,2132,2076,2089,377273
2023-03-16,2046,2085,2020,2071,398911
2023-03-17,2085,2148,2063,2140,426782
2023-03-20,2127,2157,2093,2118,283710
2023-03-21,2127,2140,2089,2127,543466
2023-03-22,2140,2148,2080,2123,470443
2023-03-23,2097,2101,2029,2063,588614
2023-03-24,2063,2071,2024,2063,260338
2023-03-27,2042,2076,2024,2063,742418
2023-03-28,2063,2157,2063,2140,1111405
2023-03-29,2132,2140,2097,2118,507650
2023-03-30,2118,2153,2101,2140,578325
2023-03-31,2144,2148,2038,2071,1094471
2023-04-03,2085,2085,2033,2063,329723
2023-04-04,2067,2071,2016,2033,693822
2023-04-05,2038,2038,1970,1991,1116828
2023-04-06,1974,1986,1901,1918,1247303
2023-04-07,1923,1944,1888,1888,767781
2023-04-10,1897,1901,1833,1862,1148073
2023-04-11,1862,1880,1820,1867,654119
2023-04-12,1850,1956,1850,1923,924901
2023-04-13,1923,1927,1871,1897,579182
2023-04-14,1897,1935,1880,1918,491277
2023-04-17,1918,1965,1909,1923,435652
2023-04-18,1923,1939,1876,1897,406389
2023-04-19,1884,1948,1862,1948,812848
2023-04-20,1935,1935,1824,1833,1434890
2023-04-21,1824,1854,1773,1790,744214
2023-04-24,1794,1803,1752,1782,463108
2023-04-25,1786,1794,1696,1726,1599838
2023-04-26,1714,1744,1679,1709,393269
2023-04-27,1709,1730,1679,1699,551090
2023-04-28,1705,1718,1621,1642,1305085
2023-05-02,1643,1700,1641,1681,578301
2023-05-03,1677,1714,1650,1703,585277
2023-05-04,1703,1703,1672,1677,223771
2023-05-08,1679,1709,1662,1688,281117
2023-05-09,1672,1688,1671,1681,131189
2023-05-10,1683,1683,1659,1671,217850
2023-05-11,1690,1704,1635,1647,800325
2023-05-12,1655,1678,1632,1659,268005
2023-05-15,1675,1685,1645,1652,226243
2023-05-16,1696,1777,1695,1700,2049997
2023-05-17,1726,1747,1691,1697,1191087
2023-05-18,1705,1718,1695,1709,773099
2023-05-19,1714,1721,1704,1721,399129
2023-05-22,1721,1726,1695,1697,810902
2023-05-23,1700,1714,1696,1698,386565
2023-05-24,1698,1744,1687,1709,938171
2023-05-25,1714,1718,1676,1682,642579
2023-05-26,1682,1688,1654,1658,428160
2023-05-30,1671,1688,1652,1675,388013
2023-05-31,1675,1709,1675,1694,431266
2023-06-01,1694,1694,1668,1675,378967
2023-06-02,1680,1689,1664,1675,338859
2023-06-05,1678,1683,1669,1676,283621
2023-06-07,1693,1702,1679,1696,450939
2023-06-08,1695,1696,1663,1671,378295
2023-06-09,1690,1721,1668,1705,847461
2023-06-12,1714,1718,1688,1697,301724
2023-06-13,1683,1807,1683,1773,1949710
2023-06-14,1773,1807,1756,1773,1025294
2023-06-15,1807,2285,1768,2191,56943956
2023-06-16,2217,2318,2144,2191,22338760
2023-06-19,2200,2212,2076,2123,5941563
2023-06-20,2135,2135,2029,2055,3718641
2023-06-21,2055,2076,1986,2042,2883778
2023-06-22,2016,2024,1914,1935,3363121
2023-06-23,1935,1974,1897,1965,2412571
2023-06-26,1944,1965,1862,1876,2312007
2023-06-27,2024,2097,1905,1918,23983772
2023-06-28,1961,2008,1897,1930,3141370
2023-06-29,1961,2089,1930,2016,8053488
2023-06-30,2020,2024,1923,1961,1985887
2023-07-03,1986,2042,1977,2012,1552729
2023-07-04,2020,2059,1935,1956,2332010
2023-07-05,1970,1970,1901,1901,1597955
2023-07-06,1905,1918,1815,1837,1656368
2023-07-07,1845,2046,1820,1909,7000429
2023-07-10,1892,1901,1837,1862,1233790
2023-07-11,1859,1909,1833,1901,1145847
2023-07-12,1892,1935,1876,1905,746060
2023-07-13,1918,2144,1905,2080,11351335
2023-07-14,2059,2080,1982,2067,4100988
2023-07-17,2067,2067,1944,1956,3066384
2023-07-18,1977,2114,1961,2008,7459901
2023-07-19,2012,2046,1970,1999,1362500
2023-07-20,2003,2008,1884,1914,2805783
2023-07-21,1884,1901,1850,1859,981842
2023-07-24,1862,1876,1803,1837,1003117
2023-07-25,1841,1867,1790,1833,930719
2023-07-26,1815,1833,1709,1744,1741142
2023-07-27,1714,1790,1714,1744,679437
2023-07-28,1721,1794,1721,1773,504056
2023-07-31,1807,1854,1773,1824,469458
2023-08-01,1824,1850,1807,1829,471066
2023-08-02,1824,1909,1812,1833,1093820
2023-08-03,1824,1829,1705,1726,1516864
2023-08-04,1726,1747,1688,1705,840143
2023-08-07,1714,1744,1690,1721,589055
2023-08-08,1760,1765,1697,1701,689857
2023-08-09,1705,1760,1704,1747,698468
2023-08-10,1747,1777,1726,1747,488807
2023-08-11,1756,1782,1747,1768,310622
2023-08-14,1773,1777,1721,1730,307607
2023-08-16,1690,1700,1439,1452,4766488
2023-08-17,1458,1533,1453,1503,1705553
2023-08-18,1489,1527,1473,1500,570347
2023-08-21,1497,1510,1495,1507,288320
2023-08-22,1504,1504,1471,1477,589493
2023-08-23,1483,1521,1469,1497,420293
2023-08-24,1495,1517,1495,1505,241554
2023-08-25,1505,1521,1492,1517,297999
2023-08-28,1517,1558,1496,1547,441703
2023-08-29,1548,1612,1548,1558,667153
2023-08-30,1560,1585,1550,1575,246902
2023-08-31,1575,1575,1535,1543,488843
2023-09-01,1538,1580,1529,1543,453925
2023-09-04,1543,1551,1517,1522,297464
2023-09-05,1522,1538,1504,1506,278918
2023-09-06,1532,1532,1482,1487,270667
2023-09-07,1484,1486,1450,1450,400965
2023-09-08,1456,1464,1441,1464,385605
2023-09-11,1458,1474,1414,1418,813436
2023-09-12,1426,1432,1395,1395,546640
2023-09-13,1388,1411,1353,1384,649580
2023-09-14,1397,1419,1387,1394,364760
2023-09-15,1398,1444,1398,1426,590534
2023-09-18,1408,1422,1399,1399,270118
2023-09-19,1428,1695,1421,1567,16928995
2023-09-20,1539,1541,1462,1481,2129762
2023-09-21,1476,1476,1400,1400,1137813
2023-09-22,1380,1535,1371,1400,2841510
2023-09-25,1428,1470,1397,1397,878849
2023-09-26,1399,1414,1351,1353,595870
2023-09-27,1351,1382,1330,1380,317149
2023-10-04,1359,1359,1280,1286,663091
2023-10-05,1287,1318,1272,1285,336191
2023-10-06,1274,1322,1274,1304,309055
2023-10-10,1304,1308,1240,1240,676858
2023-10-11,1245,1293,1245,1271,455618
2023-10-12,1278,1310,1272,1298,206912
2023-10-13,1313,1313,1248,1259,269458
2023-10-16,1259,1269,1209,1213,412219
2023-10-17,1233,1272,1232,1253,432617
2023-10-18,1285,1285,1223,1225,286090
2023-10-19,1214,1216,1170,1176,483127
2023-10-20,1171,1175,1121,1121,441076
2023-10-23,1121,1163,1117,1124,408994
2023-10-24,1129,1183,1106,1183,492928
2023-10-25,1176,1189,1170,1174,169365
2023-10-26,1170,1170,1108,1124,356963
2023-10-27,1118,1151,1108,1120,183698
2023-10-30,1110,1146,1105,1127,235742
2023-10-31,1129,1143,1099,1103,261641
2023-11-01,1108,1151,1108,1125,198735
2023-11-02,1131,1398,1131,1248,17568290
2023-11-03,1228,1338,1202,1261,5583194
2023-11-06,1228,1249,1210,1235,1117241
2023-11-07,1256,1256,1185,1212,712953
2023-11-08,1212,1227,1178,1188,424324
2023-11-09,1199,1222,1155,1167,351699
2023-11-10,1167,1179,1142,1153,223441
2023-11-13,1153,1170,1133,1136,244062
2023-11-14,1124,1184,1116,1167,307597
2023-11-15,1173,1205,1167,1183,335414
2023-11-16,1184,1193,1173,1185,278573
2023-11-17,1185,1185,1147,1154,260630
2023-11-20,1143,1176,1143,1167,344853
2023-11-21,1163,1207,1163,1167,334097
2023-11-22,1180,1180,1147,1161,245909
2023-11-23,1155,1166,1150,1164,185706
2023-11-24,1176,1285,1151,1176,1820895
2023-11-27,1193,1193,1150,1153,285433
2023-11-28,1159,1174,1145,1153,271299
2023-11-29,1153,1153,1137,1139,217183
2023-11-30,1139,1149,1136,1141,140461
2023-12-01,1170,1170,1136,1140,102908
2023-12-04,1138,1153,1135,1143,145790
2023-12-05,1139,1159,1131,1135,247736
2023-12-06,1135,1146,1133,1138,89374
2023-12-07,1139,1150,1130,1130,257376
2023-12-08,1131,1138,1126,1131,164062
2023-12-11,1131,1158,1127,1153,248116
2023-12-12,1152,1186,1138,1178,465389
2023-12-13,1180,1183,1155,1175,296309
2023-12-14,1185,1201,1163,1171,297601
2023-12-15,1171,1196,1163,1169,375829
2023-12-18,1169,1174,1161,1163,183682
2023-12-19,1163,1180,1154,1163,255877
2023-12-20,1163,1192,1160,1177,339055
2023-12-21,1150,1175,1134,1147,390163
2023-12-22,1147,1156,1131,1131,256675
2023-12-26,1130,1133,1114,1115,255061
2023-12-27,1112,1124,1112,1119,89428
2023-12-28,1113,1149,1113,1144,222545
2024-01-02,1140,1177,1140,1172,298687
2024-01-03,1171,1171,1156,1162,104489
2024-01-04,1163,1163,1139,1148,160967
2024-01-05,1148,1174,1142,1168,170167
2024-01-08,1176,1183,1167,1175,217022
2024-01-09,1185,1198,1168,1196,365897
2024-01-10,1193,1276,1193,1217,1306925
2024-01-11,1222,1312,1206,1244,2308356
2024-01-12,1269,1269,1193,1193,441977
2024-01-15,1190,1265,1160,1238,693780
2024-01-16,1225,1257,1203,1210,329240
2024-01-17,1213,1219,1164,1168,351818
2024-01-18,1159,1191,1156,1176,247708
2024-01-19,1193,1239,1186,1210,442834
2024-01-22,1213,1227,1201,1215,234062
2024-01-23,1214,1231,1197,1210,210406
2024-01-24,1210,1216,1172,1178,266502
2024-01-25,1178,1184,1113,1123,619457
2024-01-26,1109,1184,1109,1155,427391
2024-01-29,1155,1155,1118,1129,324633
2024-01-30,1128,1140,1116,1117,364739
2024-01-31,1109,1115,1066,1070,796347
2024-02-01,1078,1114,1066,1081,289043
2024-02-02,1076,1098,1076,1087,108542
2024-02-05,1091,1101,1079,1087,163197
2024-02-06,1087,1087,1066,1074,178204
2024-02-07,1082,1085,1070,1084,141795
2024-02-08,1084,1093,1078,1084,130885
2024-02-13,1083,1108,1077,1101,186569
2024-02-14,1101,1119,1088,1119,178097
2024-02-15,1124,1132,1102,1109,182944
2024-02-16,1109,1115,1098,1104,93875
2024-02-19,1094,1116,1094,1102,71856
2024-02-20,1108,1108,1088,1090,189406
2024-02-21,1090,1090,1079,1085,202966
2024-02-22,1085,1091,1074,1079,159878
2024-02-23,1081,1081,1066,1070,231387
2024-02-26,1086,1086,1060,1062,218458
2024-02-27,1057,1078,980,1038,425961
2024-02-28,1039,1065,1031,1034,160352
2024-02-29,1034,1034,1011,1021,217893
2024-03-04,1022,1025,980,984,458657
2024-03-05,984,1012,950,965,291936
2024-03-06,965,975,912,920,905312
2024-03-07,921,935,901,919,416795
2024-03-08,919,930,901,915,445373
2024-03-11,906,925,899,915,243811
2024-03-12,922,922,903,915,355183
2024-03-13,915,952,912,951,394214
2024-03-14,951,953,910,912,372579
2024-03-15,913,915,901,904,160454
2024-03-18,908,920,906,910,198905
2024-03-19,901,912,877,887,565779
2024-03-20,887,892,880,886,112705
2024-03-21,899,932,886,926,502381
2024-03-22,935,990,913,975,713993
2024-03-25,976,976,946,954,242956
2024-03-26,954,954,932,941,188343
2024-03-27,941,947,936,939,136135
2024-03-28,939,951,930,938,131112
2024-03-29,928,945,928,936,155041
2024-04-01,937,982,937,968,346210
2024-04-02,967,992,946,968,264501
2024-04-03,966,966,933,933,255015
2024-04-04,950,963,938,958,216447
2024-04-05,946,957,930,934,180008
2024-04-08,930,933,904,915,151533
2024-04-09,915,1190,915,1027,25917240
2024-04-11,998,1062,985,1033,2575792
2024-04-12,1039,1047,997,1032,1252919
2024-04-15,1008,1014,989,1004,668023
2024-04-16,1010,1012,966,993,620332
2024-04-17,989,1007,959,963,673254
2024-04-18,963,1014,961,994,453920
2024-04-19,991,993,945,972,442291
2024-04-22,972,972,929,938,459548
2024-04-23,929,963,929,932,261035
2024-04-24,933,970,933,963,233355
2024-04-25,953,962,938,938,284844
2024-04-26,939,979,936,970,465627
2024-04-29,963,1048,955,1009,1435443
2024-04-30,1009,1035,959,1031,527265
2024-05-02,1023,1079,992,1029,417448
2024-05-03,1029,1056,1006,1041,466662
2024-05-07,1036,1065,1029,1062,399153
2024-05-08,1052,1076,1051,1067,462026
2024-05-09,1066,1078,1046,1060,246360
2024-05-10,1060,1127,1050,1101,1147800
2024-05-13,1101,1137,1067,1113,787073
2024-05-14,1116,1124,1070,1075,366755
2024-05-16,1075,1090,1056,1065,317529
2024-05-17,1065,1065,1034,1041,342072
2024-05-20,1041,1149,1041,1074,1237118
2024-05-21,1076,1076,1049,1050,240355
2024-05-22,1051,1104,1039,1039,215747
2024-05-23,1035,1055,1014,1052,259294
2024-05-24,1052,1132,1023,1101,942071
2024-05-27,1113,1131,1076,1108,445354
2024-05-28,1108,1131,1031,1080,543609
2024-05-29,1080,1108,1062,1070,253824
2024-05-30,1070,1085,1043,1043,207845
2024-05-31,1056,1056,1018,1035,265017
2024-06-03,1035,1047,1014,1023,226472
2024-06-04,1023,1038,1001,1012,285733
2024-06-05,1009,1073,1008,1023,183224
2024-06-07,1021,1048,1015,1015,134632
2024-06-10,1031,1031,987,992,226795
2024-06-11,992,996,974,977,222674
2024-06-12,981,1025,968,985,220630
2024-06-13,977,995,977,978,126196
2024-06-14,978,985,952,965,289609
2024-06-17,950,964,945,961,109842
2024-06-18,961,961,947,955,99144
2024-06-19,1124,1124,987,996,1657458
2024-06-20,985,1020,980,1002,255784
2024-06-21,997,1023,983,1000,221509
2024-06-24,988,1009,964,967,193442
2024-06-25,967,985,958,967,61844
2024-06-26,964,978,959,961,93167
2024-06-27,963,974,951,970,115844
2024-06-28,970,1017,959,1002,300233
2024-07-01,997,1014,985,987,207219
2024-07-02,985,997,970,985,145619
2024-07-03,984,1004,963,965,143619
2024-07-04,977,978,952,957,91509
2024-07-05,952,957,948,951,118223
2024-07-08,943,980,943,964,87994
2024-07-09,998,1185,989,994,10493443
2024-07-10,994,1042,969,977,1119035
2024-07-11,1003,1086,990,1050,2964786
2024-07-12,1065,1066,1023,1047,541510
2024-07-15,1046,1078,1031,1033,457670
2024-07-16,1047,1047,1008,1031,275368
2024-07-17,1031,1039,1015,1028,221181
2024-07-18,1028,1031,1006,1012,273215
2024-07-19,1002,1048,988,999,329842
2024-07-22,997,997,964,986,417848
2024-07-23,986,999,967,972,185836
2024-07-24,971,982,964,977,130125
2024-07-25,959,1064,959,1002,1100666
2024-07-26,997,1015,989,1010,148920
2024-07-29,992,1020,992,1008,133404
2024-07-30,998,1021,988,996,106473
2024-07-31,989,1002,968,989,323652
2024-08-01,989,1006,985,985,90379
2024-08-02,981,1006,971,975,292276
2024-08-05,964,975,810,854,722725
2024-08-06,852,903,852,877,279871
2024-08-07,895,928,885,907,206241
2024-08-08,907,919,874,899,154477
2024-08-09,895,922,895,899,117948
2024-08-12,899,924,899,919,133029
2024-08-13,910,917,892,901,81907
2024-08-14,903,918,900,903,65299
2024-08-16,903,913,895,905,181546
2024-08-19,897,904,880,887,154096
2024-08-20,880,903,880,894,100809
2024-08-21,873,894,873,892,87873
2024-08-22,887,906,852,886,134479
2024-08-23,886,892,872,873,39036
2024-08-26,873,879,858,860,204789
2024-08-27,872,872,854,863,89821
2024-08-28,868,871,856,860,72948
2024-08-29,852,883,852,859,54081
2024-08-30,873,875,853,864,83443
2024-09-02,875,875,852,852,126880
2024-09-03,852,869,843,849,157162
2024-09-04,823,851,810,811,299249
2024-09-05,803,830,803,822,115296
2024-09-06,813,814,787,798,172270
2024-09-09,767,800,767,781,119912
2024-09-10,781,797,775,779,76330
2024-09-11,777,798,777,790,95562
2024-09-12,849,849,794,803,82255
2024-09-13,803,860,803,829,235186
2024-09-19,820,843,819,843,125850
2024-09-20,843,852,835,839,106197
2024-09-23,839,852,837,842,119172
2024-09-24,860,860,843,849,114988
2024-09-25,852,868,837,853,132056
2024-09-26,853,866,850,860,109227
2024-09-27,853,877,853,867,133909
2024-09-30,867,875,852,859,98456
2024-10-02,853,868,843,849,88922
2024-10-04,875,875,849,852,107722
2024-10-07,852,885,852,880,248582
2024-10-08,877,886,872,885,109823
2024-10-10,885,885,854,854,124264
2024-10-11,854,869,842,857,156932
2024-10-14,852,880,850,879,132784
2024-10-15,872,904,860,889,142978
2024-10-16,889,890,869,869,31196
2024-10-17,890,890,861,862,136361
2024-10-18,859,895,858,866,53636
2024-10-21,866,891,866,889,127983
2024-10-22,879,895,865,879,122728
2024-10-23,861,895,861,875,44933
2024-10-24,875,916,870,892,303002
2024-10-25,890,915,852,883,110401
2024-10-28,883,891,873,876,23428
2024-10-29,874,891,852,863,54890
2024-10-30,863,881,847,855,135209
2024-10-31,845,876,845,871,99557
2024-11-01,871,871,853,854,38358
2024-11-04,854,871,847,858,99087
2024-11-05,860,872,849,868,59387
2024-11-06,868,869,848,856,86636
2024-11-07,857,884,852,881,149187
2024-11-08,875,939,875,891,357162
2024-11-11,892,950,892,901,245443
2024-11-12,877,903,859,873,160455
2024-11-13,873,873,801,801,299217
2024-11-14,803,856,803,848,169750
2024-11-15,682,767,601,659,6292681
2024-11-18,659,677,619,635,881997
2024-11-19,627,639,596,609,622430
2024-11-20,610,612,598,606,191114
2024-11-21,604,619,596,615,243911
2024-11-22,624,624,601,607,248953
2024-11-25,607,611,596,599,297496
2024-11-26,601,757,598,658,5054179
2024-11-27,660,715,640,642,1599429
2024-11-28,642,677,627,665,544830
2024-11-29,680,680,627,637,297537
2024-12-02,637,662,626,630,277811
2024-12-03,631,655,626,655,202588
2024-12-04,647,647,627,630,220071
2024-12-05,630,642,617,617,148678
2024-12-06,617,619,590,601,269980
2024-12-09,586,596,562,568,269287
2024-12-10,553,612,552,597,332068
2024-12-11,616,628,604,622,204000
2024-12-12,623,635,612,622,193649
2024-12-13,622,661,615,657,624866
2024-12-16,661,736,659,725,922194
2024-12-17,750,885,733,773,4565797
2024-12-18,790,790,732,762,476869
2024-12-19,762,809,733,763,686605
2024-12-20,763,766,729,735,235033
2024-12-23,747,758,707,717,305199
2024-12-24,719,732,707,707,192431
2024-12-26,700,749,692,729,285813
2024-12-27,777,939,777,836,6888192
2024-12-30,834,834,776,818,603697
2025-01-02,817,817,783,795,233424
2025-01-03,793,897,789,842,961541
2025-01-06,848,857,825,831,319107
2025-01-07,836,843,804,823,288134
2025-01-08,823,823,803,803,167161
2025-01-09,823,823,769,771,363624
2025-01-10,771,773,757,772,157677
2025-01-13,773,775,752,753,205867
2025-01-14,753,766,737,754,128191
2025-01-15,755,770,745,746,137432
2025-01-16,746,852,745,793,899907
2025-01-17,787,915,783,835,4166419
2025-01-20,838,877,774,780,1143115
2025-01-21,785,790,746,759,446156
2025-01-22,763,802,756,780,594836
2025-01-23,774,783,753,766,282925
2025-01-24,768,824,766,801,924270
2025-01-31,801,867,779,786,896586
2025-02-03,800,852,787,790,716520
2025-02-04,793,1027,793,1027,27432457
2025-02-05,1092,1110,972,994,7943785
2025-02-06,1005,1006,929,939,3015608
2025-02-07,935,988,920,937,3136537
2025-02-10,936,937,891,902,1416785
2025-02-11,907,917,855,886,1499442
2025-02-12,882,884,844,869,755067
2025-02-13,873,906,871,889,1200998
2025-02-14,895,904,849,853,714543
2025-02-17,846,872,824,856,780026
2025-02-18,855,855,809,814,1037266
2025-02-19,800,821,798,814,510364
2025-02-20,809,817,801,812,422928
2025-02-21,817,820,801,804,322591
2025-02-24,796,804,765,789,445536
2025-02-25,780,789,771,778,196426
2025-02-26,770,794,766,770,227899
2025-02-27,772,775,695,722,898586
2025-02-28,623,679,613,633,9945864
2025-03-04,633,634,584,617,1496551
2025-03-05,617,656,610,632,2389802
2025-03-06,632,646,618,623,816097
2025-03-07,622,622,561,573,2116860
2025-03-10,573,590,552,587,870579
2025-03-11,574,588,556,588,384858
2025-03-12,592,592,575,584,426700
2025-03-13,584,592,573,575,370787
2025-03-14,569,597,569,594,483733
2025-03-17,594,610,585,587,407139
2025-03-18,587,594,577,579,355548
2025-03-19,579,584,560,562,835880
2025-03-20,570,570,398,471,17801621
2025-03-21,508,559,476,477,13018103
2025-03-24,466,498,451,482,1271518
2025-03-25,478,493,473,477,1037571
2025-03-26,487,507,482,489,929418
2025-03-27,482,494,477,486,431480
2025-03-28,487,494,475,489,452224
2025-03-31,489,499,479,495,750233
2025-04-01,494,503,485,495,685103
2025-04-02,495,501,482,488,352490
2025-04-03,479,492,474,488,276460
2025-04-04,480,503,480,498,404805
2025-04-07,469,488,446,478,741799
2025-04-08,478,489,469,473,459337
2025-04-09,470,483,437,444,658010
2025-04-10,459,480,459,469,602333
2025-04-11,465,488,459,482,704910
2025-04-14,482,510,478,504,718177
2025-04-15,521,524,490,522,623680
2025-04-16,522,528,513,513,430343
2025-04-17,513,557,513,551,1153787
2025-04-18,563,563,543,557,430522
2025-04-21,562,571,553,555,504874
2025-04-22,551,558,541,542,327639
2025-04-23,549,624,543,591,2991394
2025-04-24,591,596,563,573,516074
2025-04-25,598,603,566,594,537935
2025-04-28,594,601,561,567,517316
2025-04-29,567,579,558,578,350340
2025-04-30,578,594,559,568,366187
2025-05-02,568,573,555,565,259557
2025-05-07,565,568,551,565,291982
2025-05-08,565,584,565,572,377218
2025-05-09,572,579,557,569,216658
2025-05-12,569,596,558,594,591638
2025-05-13,594,602,586,599,432211
2025-05-14,598,621,595,619,652479
2025-05-15,622,622,596,608,456796
2025-05-16,608,614,595,602,417400
2025-05-19,602,602,576,583,239823
2025-05-20,583,608,579,597,280402
2025-05-21,597,608,580,590,358187
2025-05-22,590,590,570,576,483235
2025-05-23,576,597,570,582,380754
2025-05-26,592,592,567,582,320321
2025-05-27,575,597,575,585,549272
2025-05-28,585,611,582,582,562174
2025-05-29,588,660,588,644,3401160
2025-05-30,644,705,638,703,3464077
2025-06-02,698,698,652,668,996769
2025-06-04,669,689,668,670,497919
2025-06-05,671,699,670,686,636191
2025-06-09,693,712,684,688,675759
2025-06-10,688,701,678,690,534765
2025-06-11,690,724,687,722,955526
2025-06-12,727,746,713,713,652197
2025-06-13,709,727,682,689,767423
2025-06-16,689,752,685,733,1152648
2025-06-17,732,776,718,757,1773493
2025-06-18,755,763,728,757,538660
2025-06-19,757,802,752,774,1044886
2025-06-20,774,796,757,791,624721
2025-06-23,789,792,753,765,933913
2025-06-24,795,836,765,829,1845703
2025-06-25,836,836,803,815,646647
2025-06-26,815,952,810,880,5086054
2025-06-27,877,888,848,879,703701
2025-06-30,883,930,872,920,1542324
2025-07-01,922,1006,922,989,3299108
2025-07-02,989,995,929,958,1413131
2025-07-03,958,991,919,925,1075059
2025-07-04,922,948,900,925,570712
2025-07-07,924,935,898,908,578144
2025-07-08,925,1044,871,1009,7892939
2025-07-09,1015,1077,972,996,2601781
2025-07-10,996,1039,973,1006,1665810
2025-07-11,1006,1019,966,989,800458
2025-07-14,998,1021,950,960,1082268
2025-07-15,964,990,934,982,880184
2025-07-16,990,993,944,969,1532869
2025-07-17,969,1008,956,977,1114730
2025-07-18,995,995,938,967,929477
2025-07-21,964,1033,953,1014,1716380
2025-07-22,1039,1039,966,975,1178685
2025-07-23,976,987,957,959,680881
2025-07-24,960,989,918,929,1682274
2025-07-25,929,935,891,896,1176054
2025-07-28,896,929,883,902,1005594
2025-07-29,902,908,847,848,1184656
2025-07-30,857,950,857,894,1705706
2025-07-31,898,974,898,958,3218366
2025-08-01,952,987,929,948,1682602
2025-08-04,940,1032,931,1004,3724587
2025-08-05,1004,1158,1004,1097,7173062
2025-08-06,1096,1123,1024,1097,3056698
2025-08-07,1083,1116,1061,1082,1446360
2025-08-08,1086,1089,1025,1036,1487591
2025-08-11,1036,1069,991,1025,1238045
2025-08-12,1006,1043,1006,1012,941331
2025-08-13,1020,1030,958,964,1633904
2025-08-14,963,976,924,945,2898116
2025-08-18,964,1039,936,960,4618161
2025-08-19,960,960,929,940,1439242
2025-08-20,939,939,884,905,1766341
2025-08-21,918,981,892,949,2736777
2025-08-22,971,1168,960,1056,25638649
2025-08-25,1076,1182,1076,1127,8354722
2025-08-26,1213,1333,1076,1087,19400970
2025-08-27,1099,1203,1069,1175,8857307
2025-08-28,1179,1181,1121,1124,2790726
2025-08-29,1139,1169,1092,1114,2484843
2025-09-01,1114,1128,1058,1079,2021402
2025-09-02,1083,1102,1054,1093,1356412
2025-09-03,1093,1116,1049,1114,1886675
2025-09-04,1124,1292,1100,1229,16391238
2025-09-05,1255,1336,1212,1283,12410586
2025-09-08,1283,1283,1203,1223,4125048
2025-09-09,1227,1287,1199,1216,4255338
2025-09-10,1216,1577,1210,1529,49999896
2025-09-11,1531,1607,1484,1583,16926339
2025-09-12,1587,1686,1543,1584,10643650
2025-09-15,1557,1607,1490,1560,7337727
2025-09-16,1552,1563,1470,1550,6212694
2025-09-17,1547,1576,1504,1564,5933916
2025-09-18,1568,1578,1490,1490,6041266
2025-09-19,1502,1577,1469,1536,7615074
2025-09-22,1536,1537,1409,1451,5486931
2025-09-23,1475,1622,1460,1469,15084752
2025-09-24,1469,1531,1420,1453,9526474
2025-09-25,1460,1561,1367,1418,10704947
2025-09-26,1418,1418,1347,1377,3465218
2025-09-29,1407,1418,1361,1407,1934275
2025-09-30,1408,1423,1372,1388,1838119
2025-10-01,1388,1388,1310,1334,4173656
2025-10-02,1334,1364,1295,1320,3760082
2025-10-10,1332,1388,1285,1321,4994579
2025-10-13,1304,1340,1218,1308,2405312
2025-10-14,1312,1331,1218,1238,4038083
2025-10-15,1340,1608,1281,1608,46344940
2025-10-16,1715,1859,1630,1736,59396003
2025-10-17,1736,1811,1701,1762,15599292
2025-10-20,1762,1882,1731,1755,15029966
2025-10-21,1791,1820,1724,1731,7707663
2025-10-22,1735,1748,1618,1652,6190014
2025-10-23,1652,1661,1571,1584,5421377
2025-10-24,1602,1916,1602,1851,37523960
2025-10-27,1878,1878,1713,1726,9999742
2025-10-28,1725,1811,1686,1721,6460126
2025-10-29,1785,1964,1743,1864,27065208
2025-10-30,1871,1974,1827,1849,10968658
2025-10-31,1853,2170,1799,2074,31277962
2025-11-03,2156,2692,2089,2692,50472668
2025-11-04,2731,3004,2342,2457,48033411
2025-11-05,2323,3104,2299,2898,87132848
2025-11-06,2951,3008,2731,2793,19582420
2025-11-07,2711,2917,2496,2548,16000857
2025-11-10,2568,2596,2376,2515,7548015
2025-11-11,2563,2577,2180,2290,12539741
2025-11-12,2318,2429,2223,2256,6913418
2025-11-13,2160,2299,2151,2218,5653890
2025-11-14,2175,2184,2060,2093,5382150
2025-11-17,2108,2151,1889,2017,7626047
2025-11-18,2050,2060,1828,1879,6987326
2025-11-19,1885,2065,1807,1959,10322037
2025-11-20,2021,2103,1935,1974,6179242
2025-11-21,1863,1969,1855,1907,3875910
2025-11-24,1983,1983,1753,1763,5293829
2025-11-25,1791,1867,1791,1816,4190788
2025-11-26,1825,1849,1753,1803,3285227
2025-11-27,1803,2318,1763,2184,48185643
2025-11-28,2184,2438,2141,2266,30143734
2025-12-01,2318,2338,2204,2232,6953001
2025-12-02,2261,2539,2247,2486,28023883
2025-12-03,2486,2491,2371,2386,9229337
2025-12-04,2414,2414,2223,2261,8091492
2025-12-05,2261,2371,2156,2266,7336241
2025-12-08,1838,2084,1837,1940,21821437
2025-12-09,1940,2041,1888,2002,7436962
2025-12-10,2021,2156,1974,2079,7755650
2025-12-11,2136,2295,2074,2261,12167893
2025-12-12,2271,2280,2170,2242,6769893
2025-12-15,2199,2376,2132,2318,8040366
2025-12-16,2323,2362,2213,2342,5844590
2025-12-17,2395,2433,2165,2189,5123351
2025-12-18,2132,2271,2065,2227,3254316
2025-12-19,2227,2232,2103,2141,3556261
2025-12-22,2175,2218,2031,2074,5531456
2025-12-23,2074,2232,2045,2156,7521684
2025-12-24,2184,2347,2170,2194,8244229
2025-12-26,2208,2247,2112,2146,2578023
2025-12-29,2146,2309,2084,2213,6724045
2025-12-30,2213,2213,2127,2132,2208451
2026-01-02,2199,2764,2194,2683,33096163
2026-01-05,2831,3286,2759,3205,50588530
2026-01-06,3277,3320,2606,2721,39475784
2026-01-07,2755,2965,2596,2755,25291513
2026-01-08,2760,3050,2760,2945,16476463
2026-01-09,3010,3435,2840,3330,46260095
2026-01-12,3405,3535,2950,3095,22023603
2026-01-13,3120,3385,3085,3160,15894354
2026-01-14,3175,3235,3005,3020,6916733
2026-01-15,3025,3105,2930,3040,7556547
2026-01-16,3080,3095,2975,3000,5231198
2026-01-19,3000,3120,2925,3045,9595878
2026-01-20,3045,3300,2900,3235,24063593
2026-01-21,3235,3235,3010,3075,9436381
2026-01-22,3140,3200,3040,3060,6280608
2026-01-23,3060,3080,2985,2995,5197987
2026-01-26,2995,3070,2850,3005,7828407
2026-01-27,2995,3040,2930,2985,2920427
2026-01-28,3280,3735,3145,3325,80810065
2026-01-29,3410,3975,3390,3840,57416778
2026-01-30,3910,3962,3440,3460,21924165
2026-02-02,3360,3555,3155,3195,11542775
2026-02-03,3295,3440,3260,3385,8704175
2026-02-04,3400,3540,3290,3425,8104860
2026-02-05,3400,3405,3115,3140,5970315
2026-02-06,2980,3295,2960,3125,7760818
2026-02-09,3265,3340,3160,3200,3597574
2026-02-10,3270,3275,3100,3140,2628732
2026-02-11,3170,3585,3095,3420,17209231
2026-02-12,3450,3490,3310,3325,4975226
2026-02-13,3110,3750,3100,3450,22125499
2026-02-19,3520,3715,3410,3575,10987591
2026-02-20,3650,4430,3505,4110,57335353
2026-02-23,4140,5040,4065,4760,56475951
2026-02-24,4760,4790,4325,4550,18070492
2026-02-25,4600,4895,4130,4145,18983698
2026-02-26,4250,4350,4075,4095,10844524
2026-02-27,4095,4485,4010,4295,12551320
2026-03-03,4325,5200,4325,4570,48997353
2026-03-04,4580,4720,3540,3800,17672388
2026-03-05,4330,4830,4100,4770,22520645
2026-03-06,4770,4905,4355,4765,14322971
2026-03-09,4375,4645,3955,4245,11194523
2026-03-10,4610,5510,4505,5510,55448934
2026-03-11,6020,7160,5820,7160,66940360
2026-03-12,7370,8900,7200,7670,100888769
2026-03-13,7210,8130,6850,7400,42485098
2026-03-16,7600,7810,7020,7270,17397924
2026-03-17,7380,8110,7020,7220,27642293
2026-03-18,7220,7510,7090,7110,5406198
2026-03-19,6800,7420,6710,7280,5137565
2026-03-20,7770,7800,7200,7440,15689167
